alert_id,alert_type,is_sar,tran_id,orig_acct,bene_acct,tx_type,base_amt,tran_timestamp
14,fan_in,True,118,14134,460,TRANSFER,257.68,2017-01-01T00:00:00Z
12,fan_in,True,153,6347,482,TRANSFER,451.83,2017-01-01T00:00:00Z
63,cycle,True,162,692,14188,TRANSFER,983.03,2017-01-01T00:00:00Z
6,fan_in,True,173,4491,313,TRANSFER,649.74,2017-01-01T00:00:00Z
89,scatter_gather,True,298,15951,1801,TRANSFER,470.85,2017-01-01T00:00:00Z
89,scatter_gather,True,299,15951,929,TRANSFER,209.08,2017-01-01T00:00:00Z
15,fan_in,True,386,327,524,TRANSFER,700.15,2017-01-01T00:00:00Z
9,fan_in,True,404,10908,732,TRANSFER,995.79,2017-01-01T00:00:00Z
8,fan_in,True,443,1432,67,TRANSFER,769.94,2017-01-01T00:00:00Z
13,fan_in,True,671,2753,203,TRANSFER,406.74,2017-01-01T00:00:00Z
5,fan_in,True,718,8521,280,TRANSFER,679.91,2017-01-02T00:00:00Z
2,fan_in,True,732,2246,723,TRANSFER,833.24,2017-01-02T00:00:00Z
10,fan_in,True,885,11378,507,TRANSFER,684.28,2017-01-02T00:00:00Z
89,scatter_gather,True,898,15951,1845,TRANSFER,635.26,2017-01-02T00:00:00Z
1,fan_in,True,912,12800,159,TRANSFER,587.97,2017-01-02T00:00:00Z
3,fan_in,True,1204,6199,23,TRANSFER,636.97,2017-01-02T00:00:00Z
24,fan_out,True,1212,322,6365,TRANSFER,432.2,2017-01-02T00:00:00Z
13,fan_in,True,1274,4106,203,TRANSFER,970.96,2017-01-02T00:00:00Z
89,scatter_gather,True,1527,15951,1123,TRANSFER,429.47,2017-01-03T00:00:00Z
89,scatter_gather,True,1528,15951,8306,TRANSFER,874.94,2017-01-03T00:00:00Z
89,scatter_gather,True,1529,15951,11323,TRANSFER,213.35,2017-01-03T00:00:00Z
0,fan_in,True,1631,14342,28,TRANSFER,895.99,2017-01-03T00:00:00Z
7,fan_in,True,1670,9886,341,TRANSFER,935.56,2017-01-03T00:00:00Z
13,fan_in,True,2075,13479,203,TRANSFER,843.2,2017-01-03T00:00:00Z
4,fan_in,True,2129,15281,459,TRANSFER,588.14,2017-01-04T00:00:00Z
63,cycle,True,2175,9088,14490,TRANSFER,911.12,2017-01-04T00:00:00Z
89,scatter_gather,True,2210,15951,1132,TRANSFER,961.32,2017-01-04T00:00:00Z
13,fan_in,True,2620,437,203,TRANSFER,250.35,2017-01-04T00:00:00Z
11,fan_in,True,2768,14771,589,TRANSFER,844.96,2017-01-04T00:00:00Z
13,fan_in,True,3375,8970,203,TRANSFER,507.86,2017-01-05T00:00:00Z
24,fan_out,True,3547,322,2096,TRANSFER,975.12,2017-01-06T00:00:00Z
89,scatter_gather,True,3866,15951,7844,TRANSFER,290.17,2017-01-06T00:00:00Z
13,fan_in,True,4116,8055,203,TRANSFER,443.62,2017-01-06T00:00:00Z
63,cycle,True,4124,14490,692,TRANSFER,759.11,2017-01-06T00:00:00Z
13,fan_in,True,4647,6005,203,TRANSFER,253.91,2017-01-07T00:00:00Z
63,cycle,True,5175,7130,9088,TRANSFER,847.92,2017-01-08T00:00:00Z
89,scatter_gather,True,5520,15951,9382,TRANSFER,941.97,2017-01-08T00:00:00Z
20,fan_out,True,5560,99,9172,TRANSFER,191.19,2017-01-09T00:00:00Z
89,scatter_gather,True,5611,15951,14358,TRANSFER,647.54,2017-01-09T00:00:00Z
89,scatter_gather,True,5612,15951,3979,TRANSFER,478.69,2017-01-09T00:00:00Z
89,scatter_gather,True,6947,7844,349,TRANSFER,946.14,2017-01-11T00:00:00Z
63,cycle,True,7622,14188,7130,TRANSFER,464.82,2017-01-11T00:00:00Z
0,fan_in,True,8015,3395,28,TRANSFER,515.71,2017-01-12T00:00:00Z
2,fan_in,True,8395,8053,723,TRANSFER,969.06,2017-01-13T00:00:00Z
89,scatter_gather,True,8665,14358,349,TRANSFER,502.41,2017-01-13T00:00:00Z
71,cycle,True,8954,553,8195,TRANSFER,730.99,2017-01-13T00:00:00Z
89,scatter_gather,True,9582,9382,349,TRANSFER,399.9,2017-01-14T00:00:00Z
89,scatter_gather,True,10365,8306,349,TRANSFER,793.04,2017-01-15T00:00:00Z
89,scatter_gather,True,10366,11323,349,TRANSFER,137.84,2017-01-15T00:00:00Z
89,scatter_gather,True,10688,1132,349,TRANSFER,767.58,2017-01-16T00:00:00Z
17,fan_out,True,10807,442,15920,TRANSFER,573.61,2017-01-16T00:00:00Z
20,fan_out,True,11156,99,2073,TRANSFER,252.62,2017-01-17T00:00:00Z
71,cycle,True,11427,3795,2411,TRANSFER,111.24,2017-01-17T00:00:00Z
89,scatter_gather,True,11455,929,349,TRANSFER,592.26,2017-01-17T00:00:00Z
89,scatter_gather,True,11456,1123,349,TRANSFER,252.25,2017-01-17T00:00:00Z
89,scatter_gather,True,11457,3979,349,TRANSFER,613.37,2017-01-17T00:00:00Z
3,fan_in,True,12111,12447,23,TRANSFER,271.17,2017-01-18T00:00:00Z
20,fan_out,True,12309,99,2075,TRANSFER,899.49,2017-01-18T00:00:00Z
89,scatter_gather,True,12507,1845,349,TRANSFER,434.58,2017-01-18T00:00:00Z
89,scatter_gather,True,12581,1801,349,TRANSFER,522.55,2017-01-19T00:00:00Z
23,fan_out,True,13664,195,13739,TRANSFER,871.23,2017-01-20T00:00:00Z
71,cycle,True,14226,15687,12989,TRANSFER,765.34,2017-01-21T00:00:00Z
0,fan_in,True,14379,14122,28,TRANSFER,392.54,2017-01-21T00:00:00Z
2,fan_in,True,16026,4296,723,TRANSFER,439.6,2017-01-24T00:00:00Z
25,fan_out,True,16052,179,9474,TRANSFER,954.76,2017-01-24T00:00:00Z
92,gather_scatter,True,16660,1985,13549,TRANSFER,778.06,2017-01-24T00:00:00Z
92,gather_scatter,True,16661,6190,13549,TRANSFER,710.6,2017-01-24T00:00:00Z
92,gather_scatter,True,17568,12976,13549,TRANSFER,452.29,2017-01-26T00:00:00Z
71,cycle,True,18019,12544,3795,TRANSFER,993.04,2017-01-26T00:00:00Z
71,cycle,True,18020,2411,15687,TRANSFER,447.77,2017-01-26T00:00:00Z
71,cycle,True,19135,12989,553,TRANSFER,764.17,2017-01-28T00:00:00Z
92,gather_scatter,True,20364,13549,11972,TRANSFER,472.63,2017-01-30T00:00:00Z
0,fan_in,True,20399,3681,28,TRANSFER,964.69,2017-01-30T00:00:00Z
5,fan_in,True,20472,11426,280,TRANSFER,964.51,2017-01-30T00:00:00Z
92,gather_scatter,True,21738,13549,14908,TRANSFER,103.0,2017-02-01T00:00:00Z
25,fan_out,True,21761,179,2389,TRANSFER,896.37,2017-02-01T00:00:00Z
71,cycle,True,22109,8195,12544,TRANSFER,651.1,2017-02-01T00:00:00Z
92,gather_scatter,True,22498,13549,9262,TRANSFER,356.03,2017-02-02T00:00:00Z
28,fan_out,True,22533,96,5999,TRANSFER,583.64,2017-02-02T00:00:00Z
3,fan_in,True,23022,10568,23,TRANSFER,123.56,2017-02-03T00:00:00Z
24,fan_out,True,23730,322,9097,TRANSFER,859.01,2017-02-04T00:00:00Z
24,fan_out,True,23731,322,13052,TRANSFER,859.01,2017-02-04T00:00:00Z
2,fan_in,True,23818,15393,723,TRANSFER,848.44,2017-02-04T00:00:00Z
17,fan_out,True,24747,442,6272,TRANSFER,535.05,2017-02-05T00:00:00Z
25,fan_out,True,24881,179,13832,TRANSFER,623.87,2017-02-05T00:00:00Z
29,fan_out,True,27842,424,9345,TRANSFER,722.4,2017-02-10T00:00:00Z
12,fan_in,True,27883,10318,482,TRANSFER,500.74,2017-02-10T00:00:00Z
16,fan_out,True,28740,82,1989,TRANSFER,819.33,2017-02-11T00:00:00Z
27,fan_out,True,30101,86,10644,TRANSFER,371.07,2017-02-13T00:00:00Z
15,fan_in,True,30628,8996,524,TRANSFER,425.08,2017-02-14T00:00:00Z
22,fan_out,True,31083,347,7797,TRANSFER,714.97,2017-02-14T00:00:00Z
24,fan_out,True,31204,322,6143,TRANSFER,118.12,2017-02-14T00:00:00Z
2,fan_in,True,31698,15827,723,TRANSFER,101.32,2017-02-15T00:00:00Z
30,fan_out,True,32449,170,4698,TRANSFER,676.63,2017-02-16T00:00:00Z
28,fan_out,True,33248,96,4209,TRANSFER,429.25,2017-02-17T00:00:00Z
95,gather_scatter,True,33453,15599,10187,TRANSFER,331.07,2017-02-18T00:00:00Z
95,gather_scatter,True,33454,1368,10187,TRANSFER,174.48,2017-02-18T00:00:00Z
95,gather_scatter,True,33455,15244,10187,TRANSFER,961.96,2017-02-18T00:00:00Z
28,fan_out,True,33890,96,6536,TRANSFER,942.01,2017-02-18T00:00:00Z
3,fan_in,True,34104,3179,23,TRANSFER,351.43,2017-02-19T00:00:00Z
95,gather_scatter,True,34386,4409,10187,TRANSFER,214.29,2017-02-19T00:00:00Z
28,fan_out,True,34710,96,11963,TRANSFER,316.36,2017-02-20T00:00:00Z
95,gather_scatter,True,35380,15088,10187,TRANSFER,531.76,2017-02-20T00:00:00Z
95,gather_scatter,True,35929,6535,10187,TRANSFER,938.87,2017-02-21T00:00:00Z
95,gather_scatter,True,35930,3662,10187,TRANSFER,997.62,2017-02-21T00:00:00Z
95,gather_scatter,True,35931,11524,10187,TRANSFER,662.93,2017-02-21T00:00:00Z
24,fan_out,True,37270,322,5473,TRANSFER,553.41,2017-02-23T00:00:00Z
74,cycle,True,37461,275,11151,TRANSFER,406.74,2017-02-24T00:00:00Z
76,cycle,True,37543,352,11498,TRANSFER,898.93,2017-02-24T00:00:00Z
76,cycle,True,37544,13259,10142,TRANSFER,212.3,2017-02-24T00:00:00Z
95,gather_scatter,True,37546,10187,15327,TRANSFER,537.97,2017-02-24T00:00:00Z
95,gather_scatter,True,37547,10187,7897,TRANSFER,114.46,2017-02-24T00:00:00Z
95,gather_scatter,True,38311,10187,3203,TRANSFER,213.07,2017-02-25T00:00:00Z
95,gather_scatter,True,38312,10187,510,TRANSFER,525.07,2017-02-25T00:00:00Z
95,gather_scatter,True,38313,10187,5655,TRANSFER,139.74,2017-02-25T00:00:00Z
95,gather_scatter,True,38314,10187,6520,TRANSFER,116.3,2017-02-25T00:00:00Z
76,cycle,True,38347,13293,13259,TRANSFER,328.76,2017-02-25T00:00:00Z
24,fan_out,True,38801,322,4058,TRANSFER,370.31,2017-02-25T00:00:00Z
14,fan_in,True,38810,8142,460,TRANSFER,410.68,2017-02-25T00:00:00Z
20,fan_out,True,38852,99,471,TRANSFER,396.83,2017-02-26T00:00:00Z
95,gather_scatter,True,39034,10187,9054,TRANSFER,505.86,2017-02-26T00:00:00Z
17,fan_out,True,39211,442,8133,TRANSFER,828.12,2017-02-26T00:00:00Z
29,fan_out,True,39533,424,7776,TRANSFER,127.26,2017-02-27T00:00:00Z
95,gather_scatter,True,39640,10187,13975,TRANSFER,506.02,2017-02-27T00:00:00Z
5,fan_in,True,39973,13926,280,TRANSFER,282.28,2017-02-27T00:00:00Z
74,cycle,True,40566,346,275,TRANSFER,861.19,2017-02-28T00:00:00Z
74,cycle,True,40933,788,8889,TRANSFER,415.13,2017-03-01T00:00:00Z
27,fan_out,True,41630,86,12044,TRANSFER,746.72,2017-03-01T00:00:00Z
76,cycle,True,41949,10142,352,TRANSFER,505.98,2017-03-02T00:00:00Z
25,fan_out,True,42318,179,5576,TRANSFER,151.31,2017-03-03T00:00:00Z
76,cycle,True,43075,12700,13293,TRANSFER,132.23,2017-03-04T00:00:00Z
25,fan_out,True,43238,179,1029,TRANSFER,886.36,2017-03-04T00:00:00Z
84,scatter_gather,True,43536,5003,15650,TRANSFER,505.52,2017-03-04T00:00:00Z
84,scatter_gather,True,43537,5003,2871,TRANSFER,843.06,2017-03-04T00:00:00Z
84,scatter_gather,True,43538,5003,12395,TRANSFER,640.65,2017-03-04T00:00:00Z
76,cycle,True,43696,11498,12700,TRANSFER,839.26,2017-03-05T00:00:00Z
84,scatter_gather,True,44158,5003,14701,TRANSFER,241.59,2017-03-05T00:00:00Z
84,scatter_gather,True,44556,5003,3025,TRANSFER,253.45,2017-03-06T00:00:00Z
84,scatter_gather,True,44557,5003,10643,TRANSFER,835.46,2017-03-06T00:00:00Z
84,scatter_gather,True,44558,5003,6816,TRANSFER,591.32,2017-03-06T00:00:00Z
17,fan_out,True,44813,442,6847,TRANSFER,463.36,2017-03-06T00:00:00Z
84,scatter_gather,True,45262,5003,5639,TRANSFER,686.39,2017-03-07T00:00:00Z
84,scatter_gather,True,45263,5003,15925,TRANSFER,713.99,2017-03-07T00:00:00Z
3,fan_in,True,45710,2680,23,TRANSFER,753.46,2017-03-07T00:00:00Z
74,cycle,True,46329,11656,788,TRANSFER,226.46,2017-03-08T00:00:00Z
84,scatter_gather,True,46768,5639,8168,TRANSFER,461.21,2017-03-09T00:00:00Z
84,scatter_gather,True,46769,10643,8168,TRANSFER,688.49,2017-03-09T00:00:00Z
84,scatter_gather,True,46770,6816,8168,TRANSFER,502.43,2017-03-09T00:00:00Z
84,scatter_gather,True,47696,15925,8168,TRANSFER,851.99,2017-03-10T00:00:00Z
74,cycle,True,47717,300,11656,TRANSFER,561.46,2017-03-10T00:00:00Z
74,cycle,True,47718,8889,346,TRANSFER,275.59,2017-03-10T00:00:00Z
84,scatter_gather,True,48125,14701,8168,TRANSFER,256.11,2017-03-11T00:00:00Z
84,scatter_gather,True,48126,2871,8168,TRANSFER,812.76,2017-03-11T00:00:00Z
84,scatter_gather,True,48667,3025,8168,TRANSFER,164.56,2017-03-12T00:00:00Z
84,scatter_gather,True,48668,12395,8168,TRANSFER,828.44,2017-03-12T00:00:00Z
74,cycle,True,49090,11151,300,TRANSFER,715.43,2017-03-12T00:00:00Z
84,scatter_gather,True,49645,15650,8168,TRANSFER,736.54,2017-03-13T00:00:00Z
16,fan_out,True,49684,82,13794,TRANSFER,333.84,2017-03-13T00:00:00Z
96,gather_scatter,True,49979,4775,540,TRANSFER,856.97,2017-03-14T00:00:00Z
96,gather_scatter,True,50653,14164,540,TRANSFER,243.38,2017-03-15T00:00:00Z
96,gather_scatter,True,50654,5995,540,TRANSFER,823.26,2017-03-15T00:00:00Z
96,gather_scatter,True,51826,2650,540,TRANSFER,888.67,2017-03-16T00:00:00Z
86,scatter_gather,True,52558,6309,6594,TRANSFER,179.69,2017-03-17T00:00:00Z
86,scatter_gather,True,53299,6309,8393,TRANSFER,657.54,2017-03-18T00:00:00Z
86,scatter_gather,True,53300,6309,15809,TRANSFER,576.09,2017-03-18T00:00:00Z
86,scatter_gather,True,53852,6309,3164,TRANSFER,537.79,2017-03-19T00:00:00Z
86,scatter_gather,True,53853,6309,14791,TRANSFER,172.37,2017-03-19T00:00:00Z
86,scatter_gather,True,53854,6309,15857,TRANSFER,194.42,2017-03-19T00:00:00Z
1,fan_in,True,53860,13654,159,TRANSFER,107.32,2017-03-19T00:00:00Z
86,scatter_gather,True,54727,6309,3435,TRANSFER,372.54,2017-03-20T00:00:00Z
96,gather_scatter,True,55056,540,6086,TRANSFER,616.94,2017-03-21T00:00:00Z
24,fan_out,True,55316,322,10799,TRANSFER,161.26,2017-03-21T00:00:00Z
96,gather_scatter,True,55450,540,6502,TRANSFER,288.11,2017-03-22T00:00:00Z
96,gather_scatter,True,55451,540,5391,TRANSFER,130.89,2017-03-22T00:00:00Z
12,fan_in,True,55508,15648,482,TRANSFER,727.42,2017-03-22T00:00:00Z
30,fan_out,True,55734,170,12061,TRANSFER,118.09,2017-03-22T00:00:00Z
10,fan_in,True,55900,7140,507,TRANSFER,995.7,2017-03-22T00:00:00Z
86,scatter_gather,True,56036,6309,2482,TRANSFER,102.88,2017-03-22T00:00:00Z
86,scatter_gather,True,56037,6309,6531,TRANSFER,420.05,2017-03-22T00:00:00Z
86,scatter_gather,True,56207,6309,15179,TRANSFER,126.8,2017-03-23T00:00:00Z
3,fan_in,True,56729,2807,23,TRANSFER,868.14,2017-03-23T00:00:00Z
86,scatter_gather,True,57726,3435,12134,TRANSFER,580.16,2017-03-25T00:00:00Z
86,scatter_gather,True,57727,2482,12134,TRANSFER,256.23,2017-03-25T00:00:00Z
86,scatter_gather,True,57728,15857,12134,TRANSFER,303.03,2017-03-25T00:00:00Z
96,gather_scatter,True,57971,540,10927,TRANSFER,284.8,2017-03-25T00:00:00Z
5,fan_in,True,59540,6313,280,TRANSFER,625.58,2017-03-27T00:00:00Z
86,scatter_gather,True,59723,3164,12134,TRANSFER,501.02,2017-03-28T00:00:00Z
86,scatter_gather,True,59724,6531,12134,TRANSFER,323.99,2017-03-28T00:00:00Z
18,fan_out,True,59815,705,12652,TRANSFER,283.23,2017-03-28T00:00:00Z
8,fan_in,True,59966,11001,67,TRANSFER,753.37,2017-03-28T00:00:00Z
15,fan_in,True,61330,4352,524,TRANSFER,128.44,2017-03-30T00:00:00Z
86,scatter_gather,True,61543,14791,12134,TRANSFER,230.73,2017-03-30T00:00:00Z
86,scatter_gather,True,61544,15809,12134,TRANSFER,531.23,2017-03-30T00:00:00Z
86,scatter_gather,True,61925,8393,12134,TRANSFER,355.58,2017-03-31T00:00:00Z
86,scatter_gather,True,61926,15179,12134,TRANSFER,682.02,2017-03-31T00:00:00Z
86,scatter_gather,True,62837,6594,12134,TRANSFER,322.3,2017-04-01T00:00:00Z
24,fan_out,True,64718,322,2362,TRANSFER,602.25,2017-04-04T00:00:00Z
22,fan_out,True,65145,347,11776,TRANSFER,585.32,2017-04-05T00:00:00Z
78,cycle,True,66462,631,270,TRANSFER,840.07,2017-04-07T00:00:00Z
3,fan_in,True,67446,8489,23,TRANSFER,850.81,2017-04-08T00:00:00Z
9,fan_in,True,67476,7321,732,TRANSFER,106.93,2017-04-08T00:00:00Z
25,fan_out,True,68959,179,15539,TRANSFER,856.64,2017-04-10T00:00:00Z
67,cycle,True,69456,174,2566,TRANSFER,828.37,2017-04-11T00:00:00Z
73,cycle,True,69670,183,3922,TRANSFER,764.25,2017-04-11T00:00:00Z
73,cycle,True,69671,4068,15506,TRANSFER,951.9,2017-04-11T00:00:00Z
25,fan_out,True,69924,179,7400,TRANSFER,664.89,2017-04-12T00:00:00Z
78,cycle,True,70357,5428,1118,TRANSFER,285.67,2017-04-12T00:00:00Z
67,cycle,True,71357,3237,14029,TRANSFER,200.54,2017-04-14T00:00:00Z
78,cycle,True,72947,12571,5428,TRANSFER,676.18,2017-04-16T00:00:00Z
16,fan_out,True,73078,82,2873,TRANSFER,894.08,2017-04-16T00:00:00Z
17,fan_out,True,73328,442,6314,TRANSFER,555.16,2017-04-17T00:00:00Z
20,fan_out,True,74214,99,8364,TRANSFER,554.23,2017-04-18T00:00:00Z
78,cycle,True,74375,1118,631,TRANSFER,485.84,2017-04-18T00:00:00Z
11,fan_in,True,74741,15970,589,TRANSFER,854.05,2017-04-19T00:00:00Z
78,cycle,True,75904,1869,12571,TRANSFER,713.64,2017-04-20T00:00:00Z
14,fan_in,True,76207,11146,460,TRANSFER,370.37,2017-04-21T00:00:00Z
25,fan_out,True,76230,179,4511,TRANSFER,373.51,2017-04-21T00:00:00Z
67,cycle,True,76491,357,7198,TRANSFER,436.56,2017-04-21T00:00:00Z
73,cycle,True,76714,15506,3674,TRANSFER,154.51,2017-04-21T00:00:00Z
73,cycle,True,76812,9646,4068,TRANSFER,733.42,2017-04-22T00:00:00Z
73,cycle,True,76813,13730,183,TRANSFER,790.28,2017-04-22T00:00:00Z
23,fan_out,True,77298,195,14655,TRANSFER,542.61,2017-04-22T00:00:00Z
67,cycle,True,77874,14029,283,TRANSFER,592.67,2017-04-23T00:00:00Z
73,cycle,True,78505,3674,13730,TRANSFER,643.07,2017-04-24T00:00:00Z
5,fan_in,True,78618,10599,280,TRANSFER,658.65,2017-04-24T00:00:00Z
3,fan_in,True,78728,11686,23,TRANSFER,443.05,2017-04-24T00:00:00Z
20,fan_out,True,78967,99,14777,TRANSFER,575.18,2017-04-25T00:00:00Z
78,cycle,True,79026,270,1869,TRANSFER,242.91,2017-04-25T00:00:00Z
67,cycle,True,79176,213,174,TRANSFER,505.92,2017-04-25T00:00:00Z
73,cycle,True,79267,3922,9646,TRANSFER,781.3,2017-04-25T00:00:00Z
29,fan_out,True,79461,424,11002,TRANSFER,273.63,2017-04-25T00:00:00Z
67,cycle,True,80563,7198,3237,TRANSFER,720.57,2017-04-27T00:00:00Z
28,fan_out,True,81359,96,14677,TRANSFER,968.46,2017-04-28T00:00:00Z
28,fan_out,True,81360,96,4688,TRANSFER,968.46,2017-04-28T00:00:00Z
19,fan_out,True,81755,126,1000,TRANSFER,734.95,2017-04-29T00:00:00Z
67,cycle,True,81946,283,213,TRANSFER,436.57,2017-04-29T00:00:00Z
67,cycle,True,82621,2566,357,TRANSFER,741.21,2017-04-30T00:00:00Z
12,fan_in,True,83306,1878,482,TRANSFER,786.73,2017-05-01T00:00:00Z
7,fan_in,True,83535,1283,341,TRANSFER,534.8,2017-05-01T00:00:00Z
25,fan_out,True,85429,179,7272,TRANSFER,390.29,2017-05-04T00:00:00Z
31,fan_out,True,85485,632,670,TRANSFER,263.94,2017-05-04T00:00:00Z
22,fan_out,True,86070,347,7992,TRANSFER,750.77,2017-05-05T00:00:00Z
29,fan_out,True,86205,424,2375,TRANSFER,144.9,2017-05-05T00:00:00Z
20,fan_out,True,87957,99,13329,TRANSFER,426.26,2017-05-08T00:00:00Z
23,fan_out,True,88496,195,11925,TRANSFER,557.34,2017-05-08T00:00:00Z
20,fan_out,True,88673,99,12502,TRANSFER,675.66,2017-05-09T00:00:00Z
19,fan_out,True,91764,126,10225,TRANSFER,994.67,2017-05-13T00:00:00Z
15,fan_in,True,91842,3,524,TRANSFER,246.99,2017-05-13T00:00:00Z
19,fan_out,True,92512,126,1835,TRANSFER,272.2,2017-05-14T00:00:00Z
31,fan_out,True,93158,632,221,TRANSFER,318.96,2017-05-15T00:00:00Z
28,fan_out,True,95142,96,7016,TRANSFER,135.75,2017-05-18T00:00:00Z
5,fan_in,True,97816,15578,280,TRANSFER,439.12,2017-05-22T00:00:00Z
23,fan_out,True,98220,195,2157,TRANSFER,199.74,2017-05-23T00:00:00Z
20,fan_out,True,100314,99,7383,TRANSFER,920.85,2017-05-26T00:00:00Z
4,fan_in,True,100331,14801,459,TRANSFER,496.67,2017-05-26T00:00:00Z
28,fan_out,True,101549,96,10974,TRANSFER,990.18,2017-05-27T00:00:00Z
1,fan_in,True,106331,3551,159,TRANSFER,749.07,2017-06-03T00:00:00Z
10,fan_in,True,110526,4785,507,TRANSFER,244.22,2017-06-09T00:00:00Z
12,fan_in,True,111057,14135,482,TRANSFER,712.45,2017-06-10T00:00:00Z
14,fan_in,True,114743,2261,460,TRANSFER,669.37,2017-06-15T00:00:00Z
31,fan_out,True,115199,632,4501,TRANSFER,371.03,2017-06-16T00:00:00Z
5,fan_in,True,117311,13928,280,TRANSFER,981.58,2017-06-19T00:00:00Z
8,fan_in,True,119135,3068,67,TRANSFER,824.85,2017-06-22T00:00:00Z
15,fan_in,True,121942,9225,524,TRANSFER,444.63,2017-06-26T00:00:00Z
6,fan_in,True,122276,14743,313,TRANSFER,576.46,2017-06-26T00:00:00Z
98,gather_scatter,True,130303,10257,7414,TRANSFER,207.41,2017-07-08T00:00:00Z
98,gather_scatter,True,130304,15451,7414,TRANSFER,797.17,2017-07-08T00:00:00Z
98,gather_scatter,True,130787,12599,7414,TRANSFER,994.05,2017-07-09T00:00:00Z
98,gather_scatter,True,131599,4007,7414,TRANSFER,261.55,2017-07-10T00:00:00Z
98,gather_scatter,True,131600,8693,7414,TRANSFER,618.36,2017-07-10T00:00:00Z
98,gather_scatter,True,132555,13216,7414,TRANSFER,829.28,2017-07-11T00:00:00Z
98,gather_scatter,True,132556,3045,7414,TRANSFER,910.34,2017-07-11T00:00:00Z
98,gather_scatter,True,132557,5942,7414,TRANSFER,175.19,2017-07-11T00:00:00Z
19,fan_out,True,133195,126,15975,TRANSFER,419.35,2017-07-12T00:00:00Z
98,gather_scatter,True,134033,7414,11312,TRANSFER,446.9,2017-07-13T00:00:00Z
98,gather_scatter,True,134034,7414,7346,TRANSFER,220.38,2017-07-13T00:00:00Z
98,gather_scatter,True,134035,7414,7284,TRANSFER,341.68,2017-07-13T00:00:00Z
98,gather_scatter,True,134036,7414,5927,TRANSFER,326.91,2017-07-13T00:00:00Z
72,cycle,True,134241,439,8741,TRANSFER,539.78,2017-07-14T00:00:00Z
98,gather_scatter,True,134267,7414,1992,TRANSFER,412.66,2017-07-14T00:00:00Z
9,fan_in,True,134410,3510,732,TRANSFER,489.84,2017-07-14T00:00:00Z
98,gather_scatter,True,135581,7414,1540,TRANSFER,492.96,2017-07-16T00:00:00Z
98,gather_scatter,True,135582,7414,14781,TRANSFER,436.99,2017-07-16T00:00:00Z
21,fan_out,True,135844,140,9579,TRANSFER,803.66,2017-07-16T00:00:00Z
72,cycle,True,136619,11499,3671,TRANSFER,287.99,2017-07-17T00:00:00Z
98,gather_scatter,True,136692,7414,5086,TRANSFER,386.37,2017-07-17T00:00:00Z
72,cycle,True,136992,6778,6717,TRANSFER,604.5,2017-07-18T00:00:00Z
72,cycle,True,136993,6717,439,TRANSFER,849.03,2017-07-18T00:00:00Z
27,fan_out,True,137462,86,12089,TRANSFER,383.55,2017-07-18T00:00:00Z
72,cycle,True,138396,8289,11499,TRANSFER,592.25,2017-07-20T00:00:00Z
72,cycle,True,138397,3671,6778,TRANSFER,240.46,2017-07-20T00:00:00Z
12,fan_in,True,138556,12895,482,TRANSFER,707.36,2017-07-20T00:00:00Z
75,cycle,True,142616,706,671,TRANSFER,890.68,2017-07-26T00:00:00Z
72,cycle,True,144454,8741,8289,TRANSFER,336.44,2017-07-29T00:00:00Z
75,cycle,True,145713,12771,60,TRANSFER,933.86,2017-07-31T00:00:00Z
16,fan_out,True,147211,82,3558,TRANSFER,555.93,2017-08-02T00:00:00Z
11,fan_in,True,147583,10587,589,TRANSFER,138.73,2017-08-02T00:00:00Z
30,fan_out,True,150296,170,4412,TRANSFER,765.91,2017-08-06T00:00:00Z
75,cycle,True,150619,10348,706,TRANSFER,603.19,2017-08-07T00:00:00Z
75,cycle,True,151324,11574,12771,TRANSFER,160.5,2017-08-08T00:00:00Z
14,fan_in,True,152118,3597,460,TRANSFER,144.36,2017-08-09T00:00:00Z
15,fan_in,True,152254,7767,524,TRANSFER,744.25,2017-08-09T00:00:00Z
75,cycle,True,153371,60,10348,TRANSFER,512.38,2017-08-11T00:00:00Z
75,cycle,True,154735,671,11574,TRANSFER,423.89,2017-08-13T00:00:00Z
27,fan_out,True,154830,86,4994,TRANSFER,599.44,2017-08-13T00:00:00Z
1,fan_in,True,158046,1509,159,TRANSFER,934.64,2017-08-18T00:00:00Z
10,fan_in,True,164281,13527,507,TRANSFER,609.18,2017-08-27T00:00:00Z
7,fan_in,True,164434,11181,341,TRANSFER,607.62,2017-08-27T00:00:00Z
12,fan_in,True,165768,9544,482,TRANSFER,612.28,2017-08-29T00:00:00Z
21,fan_out,True,165864,140,10886,TRANSFER,364.72,2017-08-29T00:00:00Z
93,gather_scatter,True,165890,9355,11946,TRANSFER,495.58,2017-08-29T00:00:00Z
93,gather_scatter,True,165891,11719,11946,TRANSFER,166.19,2017-08-29T00:00:00Z
93,gather_scatter,True,165892,14742,11946,TRANSFER,912.45,2017-08-29T00:00:00Z
93,gather_scatter,True,166427,4595,11946,TRANSFER,763.33,2017-08-30T00:00:00Z
93,gather_scatter,True,166428,1850,11946,TRANSFER,388.21,2017-08-30T00:00:00Z
93,gather_scatter,True,166875,14925,11946,TRANSFER,448.31,2017-08-31T00:00:00Z
65,cycle,True,168120,42,1377,TRANSFER,417.58,2017-09-02T00:00:00Z
65,cycle,True,168121,13764,7968,TRANSFER,730.59,2017-09-02T00:00:00Z
93,gather_scatter,True,169017,11946,7628,TRANSFER,394.5,2017-09-03T00:00:00Z
16,fan_out,True,169335,82,1998,TRANSFER,541.95,2017-09-04T00:00:00Z
93,gather_scatter,True,169751,11946,11552,TRANSFER,195.2,2017-09-04T00:00:00Z
93,gather_scatter,True,170223,11946,15904,TRANSFER,263.42,2017-09-05T00:00:00Z
65,cycle,True,170629,8513,42,TRANSFER,249.73,2017-09-06T00:00:00Z
93,gather_scatter,True,170651,11946,13455,TRANSFER,217.98,2017-09-06T00:00:00Z
93,gather_scatter,True,170652,11946,1498,TRANSFER,309.07,2017-09-06T00:00:00Z
93,gather_scatter,True,171813,11946,15888,TRANSFER,380.05,2017-09-07T00:00:00Z
18,fan_out,True,172490,705,2221,TRANSFER,166.93,2017-09-09T00:00:00Z
79,cycle,True,174127,520,12724,TRANSFER,380.81,2017-09-11T00:00:00Z
65,cycle,True,175512,7968,8513,TRANSFER,630.85,2017-09-13T00:00:00Z
79,cycle,True,176632,9660,9373,TRANSFER,776.91,2017-09-15T00:00:00Z
8,fan_in,True,176975,7859,67,TRANSFER,900.84,2017-09-16T00:00:00Z
79,cycle,True,177551,9373,1866,TRANSFER,677.12,2017-09-16T00:00:00Z
79,cycle,True,178193,6859,1093,TRANSFER,890.12,2017-09-18T00:00:00Z
65,cycle,True,179752,1377,13764,TRANSFER,213.72,2017-09-20T00:00:00Z
15,fan_in,True,181118,12508,524,TRANSFER,330.49,2017-09-22T00:00:00Z
79,cycle,True,182252,1866,6859,TRANSFER,880.18,2017-09-24T00:00:00Z
79,cycle,True,184435,12724,9660,TRANSFER,187.86,2017-09-28T00:00:00Z
79,cycle,True,184436,1093,520,TRANSFER,169.45,2017-09-28T00:00:00Z
26,fan_out,True,186574,262,11303,TRANSFER,306.22,2017-10-01T00:00:00Z
14,fan_in,True,187991,6870,460,TRANSFER,284.58,2017-10-03T00:00:00Z
12,fan_in,True,190815,7373,482,TRANSFER,790.68,2017-10-08T00:00:00Z
69,cycle,True,194496,485,14802,TRANSFER,146.0,2017-10-14T00:00:00Z
26,fan_out,True,194870,262,14222,TRANSFER,973.52,2017-10-15T00:00:00Z
69,cycle,True,195119,2162,13412,TRANSFER,432.5,2017-10-15T00:00:00Z
4,fan_in,True,195120,11634,459,TRANSFER,887.56,2017-10-15T00:00:00Z
69,cycle,True,195861,13412,13115,TRANSFER,605.02,2017-10-17T00:00:00Z
9,fan_in,True,197280,5785,732,TRANSFER,649.8,2017-10-19T00:00:00Z
69,cycle,True,199275,3872,2186,TRANSFER,262.16,2017-10-22T00:00:00Z
69,cycle,True,200220,2186,485,TRANSFER,831.21,2017-10-24T00:00:00Z
69,cycle,True,201226,14802,2162,TRANSFER,887.15,2017-10-26T00:00:00Z
69,cycle,True,201227,13115,3872,TRANSFER,543.93,2017-10-26T00:00:00Z
1,fan_in,True,205543,10943,159,TRANSFER,235.94,2017-11-02T00:00:00Z
21,fan_out,True,209427,140,2684,TRANSFER,887.1,2017-11-09T00:00:00Z
18,fan_out,True,211191,705,1941,TRANSFER,103.12,2017-11-13T00:00:00Z
10,fan_in,True,211717,6719,507,TRANSFER,873.81,2017-11-14T00:00:00Z
11,fan_in,True,212200,4458,589,TRANSFER,702.42,2017-11-15T00:00:00Z
87,scatter_gather,True,215231,1109,176,TRANSFER,317.34,2017-11-20T00:00:00Z
87,scatter_gather,True,215232,1109,2417,TRANSFER,196.64,2017-11-20T00:00:00Z
87,scatter_gather,True,215920,1109,4482,TRANSFER,623.01,2017-11-21T00:00:00Z
87,scatter_gather,True,215921,1109,2672,TRANSFER,683.92,2017-11-21T00:00:00Z
87,scatter_gather,True,215922,1109,10864,TRANSFER,363.97,2017-11-21T00:00:00Z
87,scatter_gather,True,215923,1109,636,TRANSFER,297.13,2017-11-21T00:00:00Z
87,scatter_gather,True,216016,1109,2315,TRANSFER,838.27,2017-11-22T00:00:00Z
87,scatter_gather,True,216580,1109,4472,TRANSFER,112.49,2017-11-23T00:00:00Z
87,scatter_gather,True,216581,1109,7503,TRANSFER,748.39,2017-11-23T00:00:00Z
87,scatter_gather,True,216582,1109,10102,TRANSFER,434.05,2017-11-23T00:00:00Z
87,scatter_gather,True,217211,1109,10584,TRANSFER,724.34,2017-11-24T00:00:00Z
87,scatter_gather,True,218227,4482,5869,TRANSFER,100.39,2017-11-26T00:00:00Z
87,scatter_gather,True,219127,2417,5869,TRANSFER,421.53,2017-11-27T00:00:00Z
87,scatter_gather,True,219128,7503,5869,TRANSFER,114.68,2017-11-27T00:00:00Z
14,fan_in,True,219189,6173,460,TRANSFER,269.57,2017-11-27T00:00:00Z
87,scatter_gather,True,219405,10584,5869,TRANSFER,250.08,2017-11-28T00:00:00Z
87,scatter_gather,True,219406,2672,5869,TRANSFER,833.59,2017-11-28T00:00:00Z
87,scatter_gather,True,219407,636,5869,TRANSFER,139.82,2017-11-28T00:00:00Z
23,fan_out,True,219990,195,10054,TRANSFER,618.94,2017-11-29T00:00:00Z
87,scatter_gather,True,220265,4472,5869,TRANSFER,280.98,2017-11-29T00:00:00Z
87,scatter_gather,True,220266,2315,5869,TRANSFER,853.06,2017-11-29T00:00:00Z
87,scatter_gather,True,220267,10102,5869,TRANSFER,397.11,2017-11-29T00:00:00Z
87,scatter_gather,True,220268,10864,5869,TRANSFER,238.2,2017-11-29T00:00:00Z
87,scatter_gather,True,220584,176,5869,TRANSFER,416.58,2017-11-30T00:00:00Z
85,scatter_gather,True,221400,3853,104,TRANSFER,452.22,2017-12-02T00:00:00Z
85,scatter_gather,True,222296,3853,7156,TRANSFER,141.18,2017-12-03T00:00:00Z
85,scatter_gather,True,222297,3853,7900,TRANSFER,810.86,2017-12-03T00:00:00Z
85,scatter_gather,True,222298,3853,15596,TRANSFER,600.7,2017-12-03T00:00:00Z
85,scatter_gather,True,222299,3853,1439,TRANSFER,301.76,2017-12-03T00:00:00Z
85,scatter_gather,True,222300,3853,118,TRANSFER,138.43,2017-12-03T00:00:00Z
85,scatter_gather,True,222840,3853,3553,TRANSFER,117.26,2017-12-04T00:00:00Z
85,scatter_gather,True,222841,3853,2212,TRANSFER,613.44,2017-12-04T00:00:00Z
85,scatter_gather,True,223282,3853,9829,TRANSFER,638.17,2017-12-05T00:00:00Z
85,scatter_gather,True,223737,3853,6062,TRANSFER,761.59,2017-12-06T00:00:00Z
85,scatter_gather,True,223738,3853,7276,TRANSFER,321.87,2017-12-06T00:00:00Z
85,scatter_gather,True,223739,3853,14894,TRANSFER,534.03,2017-12-06T00:00:00Z
85,scatter_gather,True,224437,3853,652,TRANSFER,644.36,2017-12-07T00:00:00Z
85,scatter_gather,True,225279,7900,489,TRANSFER,211.29,2017-12-09T00:00:00Z
85,scatter_gather,True,225883,14894,489,TRANSFER,436.2,2017-12-10T00:00:00Z
8,fan_in,True,226324,4625,67,TRANSFER,445.7,2017-12-11T00:00:00Z
85,scatter_gather,True,226371,3553,489,TRANSFER,439.01,2017-12-11T00:00:00Z
85,scatter_gather,True,226372,7156,489,TRANSFER,411.97,2017-12-11T00:00:00Z
85,scatter_gather,True,226373,6062,489,TRANSFER,137.77,2017-12-11T00:00:00Z
85,scatter_gather,True,226374,652,489,TRANSFER,372.75,2017-12-11T00:00:00Z
85,scatter_gather,True,226826,9829,489,TRANSFER,879.65,2017-12-12T00:00:00Z
85,scatter_gather,True,227514,15596,489,TRANSFER,333.23,2017-12-13T00:00:00Z
85,scatter_gather,True,227515,7276,489,TRANSFER,463.21,2017-12-13T00:00:00Z
85,scatter_gather,True,227516,118,489,TRANSFER,840.62,2017-12-13T00:00:00Z
85,scatter_gather,True,227517,2212,489,TRANSFER,509.55,2017-12-13T00:00:00Z
85,scatter_gather,True,227605,104,489,TRANSFER,217.41,2017-12-14T00:00:00Z
27,fan_out,True,228820,86,8971,TRANSFER,767.06,2017-12-16T00:00:00Z
82,scatter_gather,True,230111,1857,15832,TRANSFER,534.72,2017-12-19T00:00:00Z
82,scatter_gather,True,230112,1857,15326,TRANSFER,850.78,2017-12-19T00:00:00Z
6,fan_in,True,230239,14278,313,TRANSFER,457.02,2017-12-19T00:00:00Z
82,scatter_gather,True,230758,1857,8509,TRANSFER,747.7,2017-12-20T00:00:00Z
82,scatter_gather,True,231434,1857,4849,TRANSFER,413.51,2017-12-21T00:00:00Z
82,scatter_gather,True,231435,1857,9546,TRANSFER,594.62,2017-12-21T00:00:00Z
82,scatter_gather,True,231649,1857,14934,TRANSFER,919.94,2017-12-22T00:00:00Z
82,scatter_gather,True,231650,1857,13084,TRANSFER,729.11,2017-12-22T00:00:00Z
82,scatter_gather,True,232946,1857,6113,TRANSFER,505.83,2017-12-24T00:00:00Z
82,scatter_gather,True,232947,1857,4588,TRANSFER,323.26,2017-12-24T00:00:00Z
82,scatter_gather,True,232948,1857,8234,TRANSFER,846.52,2017-12-24T00:00:00Z
21,fan_out,True,233159,140,9672,TRANSFER,905.66,2017-12-25T00:00:00Z
82,scatter_gather,True,233696,4849,4899,TRANSFER,886.38,2017-12-26T00:00:00Z
82,scatter_gather,True,233697,8234,4899,TRANSFER,415.53,2017-12-26T00:00:00Z
82,scatter_gather,True,234058,15326,4899,TRANSFER,451.61,2017-12-27T00:00:00Z
82,scatter_gather,True,234059,9546,4899,TRANSFER,353.81,2017-12-27T00:00:00Z
82,scatter_gather,True,235399,6113,4899,TRANSFER,602.41,2017-12-29T00:00:00Z
82,scatter_gather,True,235525,8509,4899,TRANSFER,141.59,2017-12-30T00:00:00Z
82,scatter_gather,True,235526,13084,4899,TRANSFER,196.7,2017-12-30T00:00:00Z
82,scatter_gather,True,236295,14934,4899,TRANSFER,665.23,2017-12-31T00:00:00Z
82,scatter_gather,True,236296,4588,4899,TRANSFER,326.21,2017-12-31T00:00:00Z
82,scatter_gather,True,236679,15832,4899,TRANSFER,666.27,2018-01-01T00:00:00Z
27,fan_out,True,237651,86,1516,TRANSFER,760.62,2018-01-03T00:00:00Z
18,fan_out,True,238593,705,2035,TRANSFER,197.27,2018-01-05T00:00:00Z
1,fan_in,True,244118,8004,159,TRANSFER,832.05,2018-01-17T00:00:00Z
14,fan_in,True,245929,9972,460,TRANSFER,755.74,2018-01-21T00:00:00Z
21,fan_out,True,246389,140,10569,TRANSFER,980.61,2018-01-22T00:00:00Z
9,fan_in,True,247203,7851,732,TRANSFER,820.11,2018-01-24T00:00:00Z
27,fan_out,True,248003,86,8609,TRANSFER,134.73,2018-01-26T00:00:00Z
10,fan_in,True,250730,1371,507,TRANSFER,196.56,2018-02-01T00:00:00Z
26,fan_out,True,252897,262,8638,TRANSFER,540.61,2018-02-06T00:00:00Z
90,gather_scatter,True,258925,8556,4704,TRANSFER,798.54,2018-02-21T00:00:00Z
23,fan_out,True,259001,195,7012,TRANSFER,671.35,2018-02-21T00:00:00Z
90,gather_scatter,True,259383,4826,4704,TRANSFER,394.3,2018-02-22T00:00:00Z
90,gather_scatter,True,260795,12587,4704,TRANSFER,451.38,2018-02-26T00:00:00Z
70,cycle,True,261101,21,208,TRANSFER,514.14,2018-02-27T00:00:00Z
90,gather_scatter,True,261570,13470,4704,TRANSFER,943.57,2018-02-28T00:00:00Z
70,cycle,True,263392,13242,476,TRANSFER,923.82,2018-03-05T00:00:00Z
8,fan_in,True,264180,12704,67,TRANSFER,688.17,2018-03-07T00:00:00Z
90,gather_scatter,True,264377,4704,4341,TRANSFER,511.94,2018-03-07T00:00:00Z
90,gather_scatter,True,264555,4704,12798,TRANSFER,462.32,2018-03-08T00:00:00Z
70,cycle,True,264556,208,13242,TRANSFER,529.01,2018-03-08T00:00:00Z
90,gather_scatter,True,264930,4704,9515,TRANSFER,154.59,2018-03-09T00:00:00Z
90,gather_scatter,True,265167,4704,12846,TRANSFER,240.62,2018-03-10T00:00:00Z
70,cycle,True,265940,2432,21,TRANSFER,643.49,2018-03-12T00:00:00Z
64,cycle,True,266624,626,15601,TRANSFER,166.44,2018-03-13T00:00:00Z
14,fan_in,True,267848,6157,460,TRANSFER,661.55,2018-03-17T00:00:00Z
16,fan_out,True,269043,82,5444,TRANSFER,997.81,2018-03-20T00:00:00Z
64,cycle,True,269902,13807,7229,TRANSFER,375.4,2018-03-22T00:00:00Z
64,cycle,True,272412,7229,10227,TRANSFER,761.84,2018-03-29T00:00:00Z
64,cycle,True,272608,10227,10537,TRANSFER,276.77,2018-03-30T00:00:00Z
64,cycle,True,272609,10537,626,TRANSFER,221.75,2018-03-30T00:00:00Z
64,cycle,True,273293,15601,13807,TRANSFER,234.83,2018-03-31T00:00:00Z
23,fan_out,True,273889,195,11507,TRANSFER,219.33,2018-04-02T00:00:00Z
1,fan_in,True,274384,12858,159,TRANSFER,420.79,2018-04-03T00:00:00Z
7,fan_in,True,280395,9287,341,TRANSFER,386.13,2018-04-20T00:00:00Z
26,fan_out,True,280488,262,8066,TRANSFER,721.1,2018-04-20T00:00:00Z
10,fan_in,True,280842,3504,507,TRANSFER,766.32,2018-04-21T00:00:00Z
9,fan_in,True,284157,6579,732,TRANSFER,449.25,2018-05-01T00:00:00Z
62,cycle,True,285714,696,2984,TRANSFER,895.11,2018-05-05T00:00:00Z
62,cycle,True,287733,7405,13584,TRANSFER,658.44,2018-05-11T00:00:00Z
62,cycle,True,288789,13584,696,TRANSFER,582.31,2018-05-14T00:00:00Z
62,cycle,True,289522,14220,7405,TRANSFER,193.9,2018-05-16T00:00:00Z
62,cycle,True,289763,11215,14220,TRANSFER,256.18,2018-05-17T00:00:00Z
18,fan_out,True,291224,705,14955,TRANSFER,660.32,2018-05-21T00:00:00Z
99,gather_scatter,True,291765,11158,7369,TRANSFER,898.56,2018-05-22T00:00:00Z
99,gather_scatter,True,291926,8486,7369,TRANSFER,172.2,2018-05-23T00:00:00Z
99,gather_scatter,True,291927,378,7369,TRANSFER,149.05,2018-05-23T00:00:00Z
99,gather_scatter,True,292948,5592,7369,TRANSFER,911.18,2018-05-26T00:00:00Z
99,gather_scatter,True,292949,7905,7369,TRANSFER,770.7,2018-05-26T00:00:00Z
99,gather_scatter,True,293490,13519,7369,TRANSFER,506.03,2018-05-27T00:00:00Z
99,gather_scatter,True,293809,3821,7369,TRANSFER,387.04,2018-05-28T00:00:00Z
99,gather_scatter,True,294361,7369,14601,TRANSFER,486.67,2018-05-30T00:00:00Z
99,gather_scatter,True,294831,7369,15633,TRANSFER,284.95,2018-05-31T00:00:00Z
99,gather_scatter,True,295534,7369,15392,TRANSFER,331.61,2018-06-02T00:00:00Z
23,fan_out,True,295588,195,3617,TRANSFER,562.7,2018-06-02T00:00:00Z
99,gather_scatter,True,295795,7369,11582,TRANSFER,339.42,2018-06-03T00:00:00Z
99,gather_scatter,True,296499,7369,6821,TRANSFER,112.75,2018-06-05T00:00:00Z
99,gather_scatter,True,296500,7369,11586,TRANSFER,138.66,2018-06-05T00:00:00Z
99,gather_scatter,True,296962,7369,8840,TRANSFER,145.6,2018-06-06T00:00:00Z
16,fan_out,True,297362,82,13577,TRANSFER,511.67,2018-06-07T00:00:00Z
6,fan_in,True,299311,14899,313,TRANSFER,346.83,2018-06-13T00:00:00Z
23,fan_out,True,300223,195,9744,TRANSFER,551.63,2018-06-16T00:00:00Z
1,fan_in,True,301167,7646,159,TRANSFER,146.84,2018-06-18T00:00:00Z
16,fan_out,True,301721,82,162,TRANSFER,908.44,2018-06-20T00:00:00Z
80,scatter_gather,True,302707,6647,5334,TRANSFER,695.2,2018-06-23T00:00:00Z
18,fan_out,True,303089,705,8108,TRANSFER,416.97,2018-06-24T00:00:00Z
80,scatter_gather,True,303174,6647,404,TRANSFER,346.81,2018-06-25T00:00:00Z
80,scatter_gather,True,303175,6647,3507,TRANSFER,321.72,2018-06-25T00:00:00Z
80,scatter_gather,True,303176,6647,4672,TRANSFER,851.96,2018-06-25T00:00:00Z
80,scatter_gather,True,303177,6647,15655,TRANSFER,224.13,2018-06-25T00:00:00Z
80,scatter_gather,True,303622,6647,6612,TRANSFER,384.92,2018-06-26T00:00:00Z
80,scatter_gather,True,303623,6647,11086,TRANSFER,344.51,2018-06-26T00:00:00Z
80,scatter_gather,True,304115,6647,9693,TRANSFER,701.11,2018-06-27T00:00:00Z
80,scatter_gather,True,305079,6647,14477,TRANSFER,537.0,2018-06-30T00:00:00Z
80,scatter_gather,True,305080,6647,13064,TRANSFER,187.77,2018-06-30T00:00:00Z
80,scatter_gather,True,306140,4672,4699,TRANSFER,874.91,2018-07-03T00:00:00Z
80,scatter_gather,True,306141,9693,4699,TRANSFER,805.8,2018-07-03T00:00:00Z
80,scatter_gather,True,306563,3507,4699,TRANSFER,283.32,2018-07-05T00:00:00Z
80,scatter_gather,True,306564,14477,4699,TRANSFER,886.62,2018-07-05T00:00:00Z
80,scatter_gather,True,306991,404,4699,TRANSFER,338.56,2018-07-06T00:00:00Z
80,scatter_gather,True,306992,15655,4699,TRANSFER,614.19,2018-07-06T00:00:00Z
80,scatter_gather,True,307356,6612,4699,TRANSFER,308.53,2018-07-07T00:00:00Z
80,scatter_gather,True,307357,13064,4699,TRANSFER,654.9,2018-07-07T00:00:00Z
80,scatter_gather,True,307568,11086,4699,TRANSFER,359.32,2018-07-08T00:00:00Z
10,fan_in,True,307923,4869,507,TRANSFER,150.15,2018-07-09T00:00:00Z
80,scatter_gather,True,308418,5334,4699,TRANSFER,859.61,2018-07-10T00:00:00Z
83,scatter_gather,True,309642,4140,4133,TRANSFER,548.43,2018-07-14T00:00:00Z
83,scatter_gather,True,309643,4140,8676,TRANSFER,587.88,2018-07-14T00:00:00Z
83,scatter_gather,True,310006,4140,4085,TRANSFER,156.27,2018-07-15T00:00:00Z
83,scatter_gather,True,310007,4140,6689,TRANSFER,494.06,2018-07-15T00:00:00Z
83,scatter_gather,True,310284,4140,9121,TRANSFER,981.42,2018-07-16T00:00:00Z
83,scatter_gather,True,310285,4140,2732,TRANSFER,193.1,2018-07-16T00:00:00Z
83,scatter_gather,True,310286,4140,14509,TRANSFER,908.98,2018-07-16T00:00:00Z
83,scatter_gather,True,310828,4140,14484,TRANSFER,671.4,2018-07-17T00:00:00Z
83,scatter_gather,True,310884,4140,6103,TRANSFER,563.94,2018-07-18T00:00:00Z
83,scatter_gather,True,310885,4140,247,TRANSFER,727.99,2018-07-18T00:00:00Z
83,scatter_gather,True,310886,4140,4246,TRANSFER,917.89,2018-07-18T00:00:00Z
83,scatter_gather,True,311509,4140,1597,TRANSFER,820.91,2018-07-19T00:00:00Z
83,scatter_gather,True,311510,4140,4509,TRANSFER,971.87,2018-07-19T00:00:00Z
83,scatter_gather,True,311511,4140,6569,TRANSFER,277.68,2018-07-19T00:00:00Z
83,scatter_gather,True,311512,4140,9169,TRANSFER,336.37,2018-07-19T00:00:00Z
97,gather_scatter,True,311803,5084,12466,TRANSFER,214.62,2018-07-20T00:00:00Z
83,scatter_gather,True,311881,8676,8553,TRANSFER,975.57,2018-07-21T00:00:00Z
83,scatter_gather,True,311882,14509,8553,TRANSFER,829.78,2018-07-21T00:00:00Z
83,scatter_gather,True,311883,14484,8553,TRANSFER,699.41,2018-07-21T00:00:00Z
68,cycle,True,312000,115,469,TRANSFER,392.46,2018-07-21T00:00:00Z
83,scatter_gather,True,312288,247,8553,TRANSFER,440.08,2018-07-22T00:00:00Z
97,gather_scatter,True,312321,7704,12466,TRANSFER,856.78,2018-07-22T00:00:00Z
68,cycle,True,312505,4840,4519,TRANSFER,511.92,2018-07-23T00:00:00Z
97,gather_scatter,True,312571,2247,12466,TRANSFER,609.44,2018-07-23T00:00:00Z
97,gather_scatter,True,312572,1378,12466,TRANSFER,307.96,2018-07-23T00:00:00Z
83,scatter_gather,True,312752,9121,8553,TRANSFER,845.91,2018-07-23T00:00:00Z
83,scatter_gather,True,312753,4509,8553,TRANSFER,489.58,2018-07-23T00:00:00Z
83,scatter_gather,True,312754,6689,8553,TRANSFER,501.37,2018-07-23T00:00:00Z
83,scatter_gather,True,312755,4246,8553,TRANSFER,344.86,2018-07-23T00:00:00Z
83,scatter_gather,True,312886,4085,8553,TRANSFER,107.46,2018-07-24T00:00:00Z
97,gather_scatter,True,313018,9221,12466,TRANSFER,882.94,2018-07-24T00:00:00Z
83,scatter_gather,True,313235,6103,8553,TRANSFER,443.12,2018-07-25T00:00:00Z
97,gather_scatter,True,313299,13920,12466,TRANSFER,257.63,2018-07-25T00:00:00Z
83,scatter_gather,True,313806,6569,8553,TRANSFER,403.97,2018-07-26T00:00:00Z
83,scatter_gather,True,313807,9169,8553,TRANSFER,946.67,2018-07-26T00:00:00Z
83,scatter_gather,True,313922,4133,8553,TRANSFER,527.21,2018-07-27T00:00:00Z
97,gather_scatter,True,315037,12466,1161,TRANSFER,122.53,2018-07-30T00:00:00Z
97,gather_scatter,True,315038,12466,2069,TRANSFER,290.96,2018-07-30T00:00:00Z
97,gather_scatter,True,315287,12466,14681,TRANSFER,105.81,2018-07-31T00:00:00Z
97,gather_scatter,True,315288,12466,11705,TRANSFER,220.75,2018-07-31T00:00:00Z
68,cycle,True,315534,4519,5526,TRANSFER,286.92,2018-07-31T00:00:00Z
97,gather_scatter,True,315632,12466,11674,TRANSFER,310.89,2018-08-01T00:00:00Z
97,gather_scatter,True,316855,12466,2699,TRANSFER,120.35,2018-08-05T00:00:00Z
88,scatter_gather,True,317201,12695,10774,TRANSFER,552.76,2018-08-06T00:00:00Z
88,scatter_gather,True,317202,1114,10774,TRANSFER,188.77,2018-08-06T00:00:00Z
88,scatter_gather,True,317634,9230,10774,TRANSFER,294.97,2018-08-07T00:00:00Z
88,scatter_gather,True,318014,10684,10774,TRANSFER,561.07,2018-08-08T00:00:00Z
88,scatter_gather,True,318015,4314,10774,TRANSFER,522.3,2018-08-08T00:00:00Z
88,scatter_gather,True,318230,5822,10774,TRANSFER,773.39,2018-08-09T00:00:00Z
88,scatter_gather,True,318231,9895,10774,TRANSFER,547.66,2018-08-09T00:00:00Z
88,scatter_gather,True,318232,2691,10774,TRANSFER,358.96,2018-08-09T00:00:00Z
88,scatter_gather,True,318779,7389,10774,TRANSFER,494.06,2018-08-10T00:00:00Z
88,scatter_gather,True,318780,9931,10774,TRANSFER,529.23,2018-08-10T00:00:00Z
88,scatter_gather,True,319398,4950,10774,TRANSFER,726.81,2018-08-12T00:00:00Z
81,scatter_gather,True,322078,15789,5379,TRANSFER,659.64,2018-08-21T00:00:00Z
81,scatter_gather,True,322079,15789,3490,TRANSFER,625.41,2018-08-21T00:00:00Z
81,scatter_gather,True,322080,15789,6827,TRANSFER,926.8,2018-08-21T00:00:00Z
77,cycle,True,322554,94,2953,TRANSFER,515.5,2018-08-22T00:00:00Z
81,scatter_gather,True,322590,15789,15061,TRANSFER,225.79,2018-08-22T00:00:00Z
81,scatter_gather,True,322591,15789,5548,TRANSFER,530.32,2018-08-22T00:00:00Z
81,scatter_gather,True,322592,15789,2194,TRANSFER,511.79,2018-08-22T00:00:00Z
81,scatter_gather,True,324097,15789,2220,TRANSFER,935.62,2018-08-27T00:00:00Z
81,scatter_gather,True,324098,15789,6989,TRANSFER,666.61,2018-08-27T00:00:00Z
81,scatter_gather,True,324099,15789,9314,TRANSFER,792.87,2018-08-27T00:00:00Z
81,scatter_gather,True,324100,15789,4268,TRANSFER,708.88,2018-08-27T00:00:00Z
81,scatter_gather,True,324740,2220,7235,TRANSFER,348.6,2018-08-29T00:00:00Z
81,scatter_gather,True,324741,5548,7235,TRANSFER,634.36,2018-08-29T00:00:00Z
81,scatter_gather,True,324742,2194,7235,TRANSFER,437.82,2018-08-29T00:00:00Z
77,cycle,True,324951,9662,94,TRANSFER,895.57,2018-08-29T00:00:00Z
81,scatter_gather,True,325029,6989,7235,TRANSFER,845.99,2018-08-30T00:00:00Z
81,scatter_gather,True,325030,3490,7235,TRANSFER,866.6,2018-08-30T00:00:00Z
81,scatter_gather,True,325031,9314,7235,TRANSFER,513.16,2018-08-30T00:00:00Z
81,scatter_gather,True,325032,6827,7235,TRANSFER,875.03,2018-08-30T00:00:00Z
77,cycle,True,325721,1072,763,TRANSFER,367.6,2018-09-01T00:00:00Z
81,scatter_gather,True,326044,15061,7235,TRANSFER,599.43,2018-09-02T00:00:00Z
77,cycle,True,326265,3717,9662,TRANSFER,415.43,2018-09-03T00:00:00Z
81,scatter_gather,True,326422,4268,7235,TRANSFER,270.71,2018-09-03T00:00:00Z
81,scatter_gather,True,326635,5379,7235,TRANSFER,936.74,2018-09-04T00:00:00Z
77,cycle,True,326768,1622,1072,TRANSFER,837.53,2018-09-04T00:00:00Z
77,cycle,True,327678,763,3717,TRANSFER,973.74,2018-09-07T00:00:00Z
10,fan_in,True,333398,14319,507,TRANSFER,545.02,2018-09-26T00:00:00Z
94,gather_scatter,True,336789,11668,6850,TRANSFER,685.46,2018-10-08T00:00:00Z
94,gather_scatter,True,336790,6412,6850,TRANSFER,684.07,2018-10-08T00:00:00Z
94,gather_scatter,True,337101,5330,6850,TRANSFER,219.33,2018-10-09T00:00:00Z
94,gather_scatter,True,337620,7478,6850,TRANSFER,476.52,2018-10-10T00:00:00Z
94,gather_scatter,True,337621,3158,6850,TRANSFER,746.28,2018-10-10T00:00:00Z
94,gather_scatter,True,338054,1209,6850,TRANSFER,127.18,2018-10-12T00:00:00Z
94,gather_scatter,True,338274,8325,6850,TRANSFER,225.65,2018-10-13T00:00:00Z
94,gather_scatter,True,339277,6850,15893,TRANSFER,384.01,2018-10-16T00:00:00Z
94,gather_scatter,True,339431,6850,4372,TRANSFER,341.87,2018-10-17T00:00:00Z
94,gather_scatter,True,339432,6850,9311,TRANSFER,216.53,2018-10-17T00:00:00Z
94,gather_scatter,True,339758,6850,14487,TRANSFER,257.3,2018-10-18T00:00:00Z
94,gather_scatter,True,340030,6850,10660,TRANSFER,163.32,2018-10-19T00:00:00Z
94,gather_scatter,True,340376,6850,15127,TRANSFER,355.29,2018-10-20T00:00:00Z
94,gather_scatter,True,340933,6850,15427,TRANSFER,156.7,2018-10-22T00:00:00Z
66,cycle,True,348423,141,8756,TRANSFER,634.05,2018-11-17T00:00:00Z
66,cycle,True,348772,13045,141,TRANSFER,299.19,2018-11-18T00:00:00Z
66,cycle,True,350565,15564,796,TRANSFER,260.34,2018-11-24T00:00:00Z
66,cycle,True,351426,13592,15564,TRANSFER,197.75,2018-11-27T00:00:00Z
66,cycle,True,352019,796,13045,TRANSFER,940.21,2018-11-29T00:00:00Z
91,gather_scatter,True,353163,10596,5027,TRANSFER,192.0,2018-12-03T00:00:00Z
91,gather_scatter,True,353164,3394,5027,TRANSFER,136.47,2018-12-03T00:00:00Z
91,gather_scatter,True,353470,3576,5027,TRANSFER,440.58,2018-12-05T00:00:00Z
91,gather_scatter,True,353852,11079,5027,TRANSFER,584.68,2018-12-06T00:00:00Z
66,cycle,True,353922,8756,9417,TRANSFER,918.6,2018-12-06T00:00:00Z
66,cycle,True,353923,9417,13592,TRANSFER,500.28,2018-12-06T00:00:00Z
91,gather_scatter,True,354104,8737,5027,TRANSFER,408.51,2018-12-07T00:00:00Z
91,gather_scatter,True,354423,5553,5027,TRANSFER,294.59,2018-12-08T00:00:00Z
91,gather_scatter,True,354713,8517,5027,TRANSFER,609.84,2018-12-09T00:00:00Z
91,gather_scatter,True,355435,5027,3824,TRANSFER,287.02,2018-12-12T00:00:00Z
91,gather_scatter,True,355436,5027,10456,TRANSFER,117.88,2018-12-12T00:00:00Z
91,gather_scatter,True,355937,5027,6392,TRANSFER,138.86,2018-12-13T00:00:00Z
91,gather_scatter,True,355938,5027,4305,TRANSFER,134.27,2018-12-13T00:00:00Z
91,gather_scatter,True,355939,5027,5388,TRANSFER,214.26,2018-12-13T00:00:00Z
91,gather_scatter,True,356325,5027,14938,TRANSFER,230.59,2018-12-15T00:00:00Z
91,gather_scatter,True,356809,5027,8332,TRANSFER,162.71,2018-12-17T00:00:00Z
